atisId,ektronId,stopName,lat,long,lineName,line,transportMode,stopID,
"15415,56759",686,Wonderland,42.413963,-70.990986,Blue Line,BLUE,subway,place-wondl,
"11913,10179",32,Revere Beach,42.408389,-70.99256,Blue Line,BLUE,subway,place-rbmnl,
"14474,14487",704,Beachmont,42.39745,-70.992363,Blue Line,BLUE,subway,place-bmmnl,
"10077,13698",34,Suffolk Downs,42.390232,-70.997678,Blue Line,BLUE,subway,place-sdmnl,
"13119,15416,13697,26244",682,Orient Heights,42.386769,-71.004941,Blue Line,BLUE,subway,place-orhte,
"10018,10017,15418",688,Wood Island,42.379759,-71.022476,Blue Line,BLUE,subway,place-wimnl,
"15417,13118,10016,24699",798,Airport,42.374542,-71.029485,Blue Line,"BLUE,SL3",subway,place-aport,
"13699,10076,13116,13117",678,Maverick,42.368343,-71.038422,Blue Line,BLUE,subway,place-mvbcl,
"14486,14473",36,Aquarium,42.359634,-71.051807,Blue Line,BLUE,subway,place-aqucl,
"14037,15580,15581,15669",738,Government Center,42.359868,-71.059195,"Blue Line,Boston College (B),Cleveland Circle (C),Riverside (D),Heath St. (E)","BLUE,GREEN-B,GREEN-C,GREEN-D,GREEN-E",subway,place-gover,
10409,676,Bowdoin,42.361457,-71.062129,Blue Line,BLUE,subway,place-bomnl,
"163,25990",498,Providence Station,41.829641,-71.413332,Providence/Stoughton Line,PROVSTOU,rail,place-NEC-1851,
"26662,25989,26758",20686,TF Green Airport,41.829641,-71.413332,Providence/Stoughton Line,PROVSTOU,rail,place-NEC-1768,
"193,26635",504,South Attleboro Station,41.897943,-71.354621,Providence/Stoughton Line,PROVSTOU,rail,place-NEC-1919,
"9,25185,26634",40,Attleboro Station,41.942097,-71.284897,Providence/Stoughton Line,PROVSTOU,rail,place-NEC-1969,
"112,25186,26633",46,Mansfield Station,42.032734,-71.219318,Providence/Stoughton Line,PROVSTOU,rail,place-NEC-2040,
"187,25187,26632",502,Sharon Station,42.124804,-71.183213,Providence/Stoughton Line,PROVSTOU,rail,place-NEC-2108,
"203,26631",506,Stoughton Station,42.123818,-71.10309,Providence/Stoughton Line,PROVSTOU,rail,place-SB-0189,
"36,26630",42,Canton Center Station,42.156769,-71.14553,Providence/Stoughton Line,PROVSTOU,rail,place-SB-0156,
"37,25188,26741,26629",44,Canton Junction Station,42.163423,-71.153374,Providence/Stoughton Line,PROVSTOU,rail,place-NEC-2139,
"178,25189,26742,26628",500,Route 128 Station,42.209884,-71.1471,Providence/Stoughton Line,PROVSTOU,rail,place-NEC-2173,
"91,25190,26612",474,Hyde Park Station,42.255123,-71.125022,"Providence/Stoughton Line,Franklin Line","PROVSTOU,FRANKLIN",rail,place-NEC-2203,
"182,26553",554,Ruggles Station,42.335545,-71.090524,"Providence/Stoughton Line,Franklin Line,Needham Line","FRANKLIN,PROVSTOU,NEEDHAM,ORANGE","rail,subway",place-rugg,
"13,26824",642,Back Bay Station,42.347314,-71.075724,"Franklin Line,Framingham/Worcester Line,Providence/Stoughton Line,Needham Line,Orange Line","FRANKLIN,WORCSTER,PROVSTOU,NEEDHAM,ORANGE","rail,subway",place-bbsta,
"170,26699,26610,26611",476,Readville Station,42.23775,-71.132376,"Fairmount Line,Franklin Line","FAIRMNT,FRANKLIN",rail,place-DB-0095,
"62,24361,26685,26570",508,Fairmount Station,42.253638,-71.11927,Fairmount Line,FAIRMNT,rail,place-DB-2205,
"126,24362,26686,26568",510,Morton Street Station,42.280994,-71.085475,Fairmount Line,FAIRMNT,rail,place-DB-2230,
"208,24363,26687,26569",512,Uphams Corner Station,42.31867,-71.069072,Fairmount Line,FAIRMNT,rail,place-DB-2258,
"26767,26766",25906,Talbot Ave Station,42.291739,-71.077191,Fairmount Line,FAIRMNT,rail,place-DB-2240,
"65,26583",524,Fitchburg Station,42.586055,-71.811115,Fitchburg Line,FITCHBRG,rail,place-FR-0494,
26822,6442456808,Wachusett Station,42.552001,-71.847039,Fitchburg Line,FITCHBRG,rail,place-FR-3338,
"129,26582",534,North Leominster Station,42.540577,-71.739402,Fitchburg Line,FITCHBRG,rail,place-FR-0451,
"189,24472,26688,26581",538,Shirley Station,42.544726,-71.648363,Fitchburg Line,FITCHBRG,rail,place-FR-0394,
"12,24473,26694,26580",516,Ayer Station,42.560047,-71.590117,Fitchburg Line,FITCHBRG,rail,place-FR-0361,
"105,24480,26697,26579",532,Littleton Station,42.519236,-71.502643,Fitchburg Line,FITCHBRG,rail,place-FR-0301,
"192,26578",442,South Acton Station,42.461575,-71.455322,Fitchburg Line,FITCHBRG,rail,place-FR-0253,
"222,24479,26689,26577",448,West Concord Station,42.456372,-71.392371,Fitchburg Line,FITCHBRG,rail,place-FR-0494,
"52,24478,26698,26576",522,Concord Station,42.457147,-71.358051,Fitchburg Line,FITCHBRG,rail,place-FR-0201,
"104,24474,26695,26575",530,Lincoln Station,42.414229,-71.325344,Fitchburg Line,FITCHBRG,rail,place-FR-0167,
"190,26574",540,Silver Hill Station,42.395625,-71.302357,Fitchburg Line,FITCHBRG,rail,place-FR-0147,
"82,24471,26696,26573",526,Hastings Station,42.385755,-71.289203,Fitchburg Line,FITCHBRG,rail,place-FR-0137,
"97,24475,26690,26572",528,Kendal Green Station,42.37897,-71.282411,Fitchburg Line,FITCHBRG,rail,place-FR-0132,
"27,24481,26691,26571",520,Brandeis/Roberts Station,42.361728,-71.260854,Fitchburg Line,FITCHBRG,rail,place-FR-0115,
"213,26550",444,Waltham Station,42.374424,-71.236595,Fitchburg Line,FITCHBRG,rail,place-FR-0098,
"215,24476,26692,26549",446,Waverley Station,42.387489,-71.189864,Fitchburg Line,FITCHBRG,rail,place-FR-0074,
"18,24477,26693,26548",518,Belmont Station,42.39842,-71.174499,Fitchburg Line,FITCHBRG,rail,place-FR-0064,
"161,26547",536,Porter Square Station,42.388353,-71.119159,"Fitchburg Line,Red Line","FITCHBRG,RED","rail,subway",place-portr,
"141,26842",450,North Station,42.365551,-71.061251,"Fitchburg Line,Newburyport/Rockport Line,Lowell Line,Haverhill/Reading Line,Green Line,Orange Line","NBRYROCK,LOWELL,HAVRHILL,FITCHBRG,ORANGE,GREEN-C,GREEN-D,GREEN-E","rail,subway",place-north,
"237,26677",638,Worcester/Union Station,42.261539,-71.794724,Framingham/Worcester Line,WORCSTER,rail,place-WML-0442,
"74,25735,26743,26676",618,Grafton Station,42.246291,-71.684614,Framingham/Worcester Line,WORCSTER,rail,place-WML-0364,
"16087,25736,26744,26675",636,Westborough Station,42.269184,-71.652005,Framingham/Worcester Line,WORCSTER,rail,place-WML-0340,
"24151,26745,25737",624,Southborough Station,42.267518,-71.523621,Framingham/Worcester Line,WORCSTER,rail,place-WML-0274,
"24437,26746,25738,26673",612,Ashland Station,42.261694,-71.478813,Framingham/Worcester Line,WORCSTER,rail,place-WML-0252,
"68,25739,26747,26672",616,Framingham Station,42.276719,-71.416792,Framingham/Worcester Line,WORCSTER,rail,place-WML-0214,
"225,25542,26748,26671",632,West Natick Station,42.281855,-71.390548,Framingham/Worcester Line,WORCSTER,rail,place-WML-0199,
"131,25184,26749,26670",620,Natick Station,42.285239,-71.347641,Framingham/Worcester Line,WORCSTER,rail,place-WML-0177,
"219,26750,25543,26669",630,Wellesley Square Station,42.296427,-71.294311,Framingham/Worcester Line,WORCSTER,rail,place-WML-0147,
"218,25183,26751,26668",628,Wellesley Hills Station,42.310027,-71.276769,Framingham/Worcester Line,WORCSTER,rail,place-WML-0135,
"217,25182,26752,26667",626,Wellesley Farms Station,42.323608,-71.272288,Framingham/Worcester Line,WORCSTER,rail,place-WML-0125,
"10,25181,26753,26666",614,Auburndale Station,42.346087,-71.246658,Framingham/Worcester Line,WORCSTER,rail,place-WML-0102,
"226,25544,26754,26665",634,West Newton Station,42.348599,-71.22901,Framingham/Worcester Line,WORCSTER,rail,place-WML-0091,
"139,25180,26755,26664",622,Newtonville Station,42.351603,-71.207338,Framingham/Worcester Line,WORCSTER,rail,place-WML-0081,
"26830,26831",6442457999,Boston Landing Station,42.357237,-71.139903,Framingham/Worcester Line,WORCSTER,rail,place-WML-0035,
"239,26765,26663",640,Yawkey Station,42.346796,-71.098937,Framingham/Worcester Line,WORCSTER,rail,place-WML-0025,
"67,26609",456,Forge Park Station,42.090704,-71.430342,Franklin Line,FRANKLIN,rail,place-FB-0303,
"69,26608",458,Franklin Station,42.083591,-71.396735,Franklin Line,FRANKLIN,rail,place-FB-0275,
"140,25991,26700,26607",462,Norfolk Station,42.120694,-71.325217,Franklin Line,FRANKLIN,rail,place-FB-0230,
"212,26606",470,Walpole Station,42.144192,-71.259016,Franklin Line,FRANKLIN,rail,place-FB-0191,
"158,26605",468,Plimptonville Station,42.159123,-71.236125,Franklin Line,FRANKLIN,rail,place-FB-0177,
"232,25992,26701,26604",472,Windsor Gardens Station,42.172192,-71.220704,Franklin Line,FRANKLIN,rail,place-FB-0166,
"152,25178,26705,26603",464,Norwood Central Station,42.190776,-71.199748,Franklin Line,FRANKLIN,rail,place-FB-0148,
"153,25780,26702,26602",466,Norwood Depot Station,42.195668,-71.196784,Franklin Line,FRANKLIN,rail,place-FB-0143,
"94,25779,26703,26601",460,Islington Station,42.220714,-71.183406,Franklin Line,FRANKLIN,rail,place-FB-0125,
"55,25179,26706,26600",452,Dedham Corp Station,42.225896,-71.173806,Franklin Line,FRANKLIN,rail,place-FB-0118,
"60,25778,26704,26599",454,Endicott Station,42.232881,-71.160413,Franklin Line,FRANKLIN,rail,place-FB-0109,
"83,26597",486,Haverhill Station,42.772684,-71.085962,Haverhill/Reading Line,HAVRHILL,rail,place-WR-0329,
"25,24498,26713,26596",482,Bradford Station,42.768899,-71.085998,Haverhill/Reading Line,HAVRHILL,rail,place-WR-0325,
"102,24499,26714,26595",488,Lawrence Station,42.701404,-71.159488,Haverhill/Reading Line,HAVRHILL,rail,place-WR-0264,
"3,24500,26715,26594",478,Andover Station,42.657798,-71.144513,Haverhill/Reading Line,HAVRHILL,rail,place-WR-0228,
"14,24696,26708,26593",480,Ballardvale Station,42.626449,-71.159653,Haverhill/Reading Line,HAVRHILL,rail,place-WR-0205,
"130,26709,24695,26592",424,North Wilmington Station,42.568462,-71.159724,Haverhill/Reading Line,HAVRHILL,rail,place-WR-0163,
"169,24694,26591",426,Reading Station,42.52148,-71.10744,Haverhill/Reading Line,HAVRHILL,rail,place-WR-0120,
"211,24693,26718,26590",428,Wakefield Station,42.501811,-71.075,Haverhill/Reading Line,HAVRHILL,rail,place-WR-0099,
"76,24692,26710,26589",484,Greenwood Station,42.483473,-71.067233,Haverhill/Reading Line,HAVRHILL,rail,place-WR-0085,
"119,24697,26716,26588",420,Melrose Highlands Station,42.468793,-71.06827,Haverhill/Reading Line,HAVRHILL,rail,place-WR-0075,
"118,24691,26711,26587",422,Melrose Cedar Park Station,42.459128,-71.069448,Haverhill/Reading Line,HAVRHILL,rail,place-WR-0067,
"238,24690,26712,26586",430,Wyoming Hill Station,42.452097,-71.069518,Haverhill/Reading Line,HAVRHILL,rail,place-WR-0062,
"109,26717,24689,26585",418,Malden Center Station,42.426407,-71.074227,Haverhill/Reading Line,HAVRHILL,rail,place-mlmnl,
"107,26538",434,Lowell Station,42.638402,-71.314916,Lowell Line,LOWELL,rail,place-NHRML-0254,
"143,26679,24494,26539",438,North Billerica Station,42.592881,-71.280869,Lowell Line,LOWELL,rail,place-NHRML-0218,
"229,24497,26684,26540",396,Wilmington Station,42.546368,-71.173569,Lowell Line,LOWELL,rail,place-NHRML-0152,
"241,26683,24492,26541",432,Anderson/Woburn Station,42.513725,-71.13375,Lowell Line,LOWELL,rail,place-NHRML-0127,
"122,26545,13221",436,Mishawum Station,42.503595,-71.137511,Lowell Line,LOWELL,rail,place-NHRML-0116,
"230,24496,26682,26542",398,Winchester Center Station,42.45265,-71.137041,Lowell Line,LOWELL,rail,place-NHRML-0078,
"216,24493,26680,26543",440,Wedgemere Station,42.445284,-71.140909,Lowell Line,LOWELL,rail,place-NHRML-0073,
"224,26681,24495,26544",394,West Medford Station,42.421184,-71.132468,Lowell Line,LOWELL,rail,place-NHRML-0055,
"120,26654",408,Middleborough/Lakeville Station,41.87821,-70.918444,Middleborough/Lakeville Line,MIDLBORO,rail,place-MM-0356,
"28,24485,26653",400,Bridgewater Station,41.986355,-70.966625,Middleborough/Lakeville Line,MIDLBORO,rail,place-MM-0277,
"35,24486,26735,26652",404,Campello Station,42.060038,-71.01246,Middleborough/Lakeville Line,MIDLBORO,rail,place-MM-0219,
"30,24487,26736,26651",402,Brockton Station,42.08572,-71.01686,Middleborough/Lakeville Line,MIDLBORO,rail,place-MM-0200,
"124,26737,24491,26650,13224",410,Montello Station,42.106047,-71.021078,Middleborough/Lakeville Line,MIDLBORO,rail,place-MM-0186,
"89,24488,26738,26649",406,Holbrook/Randolph Station,42.155314,-71.027518,Middleborough/Lakeville Line,MIDLBORO,rail,place-MM-0150,
"26,25873,26739",570,Braintree Station,42.20855,-71.00085,"Middleborough/Lakeville Line,Plymouth/Kingston Line,Red Line","MIDLBORO,KINGSTON,RED","rail,subway",place-brntn,
"166,25781,26740,26638",574,Quincy Center Station,42.250862,-71.004843,"Middleborough/Lakeville Line,Plymouth/Kingston Line,Red Line","MIDLBORO,KINGSTON,GREENBSH,RED","rail,subway",place-qnctr,
"96,26707,24443",572,JFK/UMass Station,42.321065,-71.052545,"Middleborough/Lakeville Line,Plymouth/Kingston Line,Red Line","MIDLBORO,KINGSTON,GREENBSH,RED,MATTAPAN","rail,subway",place-jfk,
"133,26562",546,Needham Heights Station,42.293139,-71.235087,Needham Line,NEEDHAM,rail,place-NB-0137,
"132,26561",544,Needham Center Station,42.280274,-71.238089,Needham Line,NEEDHAM,rail,place-NB-0127,
"134,26560,13452",548,Needham Junction Station,42.273327,-71.238007,Needham Line,NEEDHAM,rail,place-NB-0120,
"86,26559",416,Hersey Station,42.275842,-71.214853,Needham Line,NEEDHAM,rail,place-NB-0109,
"227,26558",552,West Roxbury Station,42.2816,-71.159932,Needham Line,NEEDHAM,rail,place-NB-0080,
"87,26557",542,Highland Station,42.284869,-71.1547,Needham Line,NEEDHAM,rail,place-NB-0076,
"17,26556",412,Bellevue Station,42.287138,-71.14606,Needham Line,NEEDHAM,rail,place-NB-0072,
"177,26555",550,Roslindale Village Station,42.287206,-71.12961,Needham Line,NEEDHAM,rail,place-NB-0064,
66,414,Forest Hills Station,42.300023,-71.113377,"Needham Line,Orange Line","NEEDHAM,ORANGE","rail,subway",place-forhl,
"136,26566,26843",594,Newburyport Station,42.800292,-70.880262,Newburyport/Rockport Line,NBRYROCK,rail,place-ER-0362,
"179,24446,26724,26565,26844",604,Rowley Station,42.725351,-70.859436,Newburyport/Rockport Line,NBRYROCK,rail,place-ER-0312,
"93,24501,26732,26564,26845",586,Ipswich Station,42.678355,-70.840024,Newburyport/Rockport Line,NBRYROCK,rail,place-ER-0276,
"79,24445,26725,26563,26846",584,Hamilton/Wenham Station,42.610756,-70.874005,Newburyport/Rockport Line,NBRYROCK,rail,place-ER-0227,
"142,24444,26719,26626,26847",596,North Beverly Station,42.582471,-70.884501,Newburyport/Rockport Line,NBRYROCK,rail,place-ER-0208,
"19,26731,26618,26841",576,Beverly Depot Station,42.546907,-70.885168,Newburyport/Rockport Line,NBRYROCK,rail,place-ER-0183,
"184,24457,26734,26617,14227",606,Salem Station,42.523927,-70.898903,Newburyport/Rockport Line,NBRYROCK,rail,place-ER-0168,
"206,26726,26616,11660",608,Swampscott Station,42.473739,-70.922036,Newburyport/Rockport Line,NBRYROCK,rail,place-ER-0128,
"108,26727,25551,26615,24870",588,Lynn Station,42.462293,-70.947794,Newburyport/Rockport Line,NBRYROCK,rail,place-ER-0115,
"174,26728,26614",600,River Works Station,42.453804,-70.975698,Newburyport/Rockport Line,NBRYROCK,rail,place-ER-0099,
"46,26720,26613,9838",580,Chelsea Station,42.395661,-71.034826,Newburyport/Rockport Line,NBRYROCK,rail,place-chels,
"159,26660",558,Plymouth Station,41.981184,-70.692514,Plymouth/Kingston Line,KINGSTON,rail,place-PB-0356,
"101,26661",564,Kingston/Route 3 Station,41.978548,-70.720315,Plymouth/Kingston Line,KINGSTON,rail,place-KB-0351,
"78,26659",560,Halifax Station,42.012867,-70.820832,Plymouth/Kingston Line,KINGSTON,rail,place-PB-0281,
"80,26658",562,Hanson Station,42.043262,-70.881553,Plymouth/Kingston Line,KINGSTON,rail,place-PB-0245,
"228,26657",568,Hanson Station,42.083563,-70.923204,Plymouth/Kingston Line,KINGSTON,rail,place-PB-0245,
"240,26656",556,Abington Station,42.108034,-70.935296,Plymouth/Kingston Line,KINGSTON,rail,place-PB-0194,
"196,26655",566,South Weymouth Station,42.153747,-70.95249,Plymouth/Kingston Line,KINGSTON,rail,place-PB-0158,
"175,26625,26835",602,Rockport Station,42.656173,-70.625616,Newburyport/Rockport Line,NBRYROCK,rail,place-GB-0353,
"71,24453,26729,26624,26836",582,Gloucester Station,42.616069,-70.668767,Newburyport/Rockport Line,NBRYROCK,rail,place-GB-0316,
"223,26721,26623,24452,26837",610,West Gloucester Station,42.610928,-70.706456,Newburyport/Rockport Line,NBRYROCK,rail,place-GB-0296,
"111,26730,26622,24451,26838",590,Manchester Station,42.57357,-70.770473,Newburyport/Rockport Line,NBRYROCK,rail,place-GB-0254,
"20,26722,26621,24450,26839",578,Beverly Farms Station,42.561403,-70.812745,Newburyport/Rockport Line,NBRYROCK,rail,place-GB-0229,
"162,26733,24449,26620",598,Prides Crossing Station,42.559513,-70.824813,Newburyport/Rockport Line,NBRYROCK,rail,place-GB-0222,
"125,24448,26723,26619,26840",592,Montserrat Station,42.561483,-70.870035,Newburyport/Rockport Line,NBRYROCK,rail,place-GB-0198,
"15672,15590,15589,15588,15673,13771,13772,",772,Park Street,42.356332,-71.062202,"Boston College (B),Cleveland Circle (C),Riverside (D),Heath St. (E),Red Line","GREEN-B,GREEN-C,GREEN-D,GREEN-E,RED,MATTAPAN",subway,place-pktrm,
"15596,15597",906,Boylston,42.352337,-71.06461,"Boston College (B),Cleveland Circle (C),Riverside (D),Heath St. (E),Washington St.","GREEN-B,GREEN-C,GREEN-D,GREEN-E,SL5",subway,place-boyls,
"15595,15671",740,Arlington,42.351847,-71.070817,"Boston College (B),Cleveland Circle (C),Riverside (D),Heath St. (E)","GREEN-B,GREEN-C,GREEN-D,GREEN-E",subway,place-armnl,
"15593,15594",742,Copley,42.349991,-71.077463,"Boston College (B),Cleveland Circle (C),Riverside (D),Heath St. (E)","GREEN-B,GREEN-C,GREEN-D,GREEN-E",subway,place-coecl,
"15670,15656",744,Hynes Convention Center,42.347953,-71.088148,"Boston College (B),Cleveland Circle (C),Riverside (D)","GREEN-B,GREEN-C,GREEN-D",subway,place-hymnl,
"15591,15592,12414",816,Kenmore,42.348783,-71.095128,"Boston College (B),Cleveland Circle (C),Riverside (D),Heath St. (E)","GREEN-B,GREEN-C,GREEN-D",subway,place-kencl,
"11182,11183",760,Blandford St,42.349126,-71.100235,Boston College (B),GREEN-B,subway,place-bland,
"10693,10692",758,Boston University East,42.349569,-71.103866,Boston College (B),GREEN-B,subway,place-buest,
"10690,10691",756,Boston University Central,42.34989,-71.106804,Boston College (B),GREEN-B,subway,place-bucen,
"10694,10695",754,Boston University West,42.350759,-71.113833,Boston College (B),GREEN-B,subway,place-buwst,
"11203,11204",752,Saint Paul St,42.350997,-71.115997,Boston College (B),GREEN-B,subway,place-stplb,
"11201,11200",750,Pleasant St,42.351345,-71.118783,Boston College (B),GREEN-B,subway,place-plsgr,
"11180,11181",748,Babcock St,42.35169,-71.121547,Boston College (B),GREEN-B,subway,place-babck,
"11185,11184",746,Packards Corner,42.351833,-71.124702,Boston College (B),GREEN-B,subway,place-brico,
"11194,11195",664,Harvard Ave,42.350118,-71.131197,Boston College (B),GREEN-B,subway,place-harvd,
"11197,11196",844,Griggs St,42.348542,-71.134551,Boston College (B),GREEN-B,subway,place-grigg,
"11178,11177",662,Allston St,42.348468,-71.137888,Boston College (B),GREEN-B,subway,place-alsgr,
"11210,11209",836,Warren St,42.348366,-71.140224,Boston College (B),GREEN-B,subway,place-wrnst,
"11212,11211",832,Washington St,42.343886,-71.142593,Boston College (B),GREEN-B,subway,place-wascm,
"11189,11188",828,Sutherland Rd,42.341483,-71.146162,Boston College (B),GREEN-B,subway,place-sthld,
"11207,11208",826,Chiswick Rd,42.340839,-71.150459,Boston College (B),GREEN-B,subway,place-chswk,
"11187,11186",824,Chestnut Hill Ave,42.338145,-71.152961,Boston College (B),GREEN-B,subway,place-chill,
"11202,11176",822,South St,42.339455,-71.157622,Boston College (B),GREEN-B,subway,place-sougr,
"10369,10152",818,Boston College,42.339902,-71.166124,Boston College (B),GREEN-B,subway,place-lake,
"15583,15584,13610,13611,26546,26353,26389",736,North Station,42.365551,-71.061251,"Orange Line,Cleveland Circle (C),Riverside (D),Heath St. (E)","NBRYROCK,LOWELL,HAVRHILL,FITCHBRG,ORANGE,GREEN-C,GREEN-D,GREEN-E","subway,rail",place-north,
"12091,15582,15674,12092,12090",768,Haymarket,42.363222,-71.057922,"Cleveland Circle (C),Riverside (D),Heath St. (E),Orange Line","GREEN-C,GREEN-D,GREEN-E,ORANGE",subway,place-haecl,
"15681,15619",848,Saint Mary's St,42.345947,-71.107385,Cleveland Circle (C),GREEN-C,subway,place-stplb,
"15621,15620",794,Hawes St,42.34487,-71.111129,Cleveland Circle (C),GREEN-C,subway,place-hwsst,
"15623,15622",792,Kent St,42.344125,-71.113885,Cleveland Circle (C),GREEN-C,subway,place-kntst,
"15624,15682",672,Saint Paul St,42.343366,-71.116759,Cleveland Circle (C),GREEN-C,subway,place-stpul,
"15625,15654",846,Coolidge Corner,42.342226,-71.120888,Cleveland Circle (C),GREEN-C,subway,place-cool,
"15627,15626",834,Summit Ave,42.340946,-71.125182,Cleveland Circle (C),GREEN-C,subway,place-sumav,
"15629,15628",790,Brandon Hall,42.339683,-71.129327,Cleveland Circle (C),GREEN-C,subway,place-bndhl,
"15683,15630",788,Fairbanks St,42.339474,-71.131304,Cleveland Circle (C),GREEN-C,subway,place-fbkst,
"15655,15631",786,Washington Sq,42.339258,-71.135387,Cleveland Circle (C),GREEN-C,subway,place-bcnwa,
"15633,15632",784,Tappan St,42.338469,-71.138705,Cleveland Circle (C),GREEN-C,subway,place-tapst,
"15634,15684",840,Dean Rd,42.337847,-71.141549,Cleveland Circle (C),GREEN-C,subway,place-denrd,
"15636,15635",782,Englewood Ave,42.337049,-71.145357,Cleveland Circle (C),GREEN-C,subway,place-engav,
"15685,15637",762,Cleveland Circle,42.336197,-71.149406,Cleveland Circle (C),GREEN-C,subway,place-clmnl,
"15675,15587,12502,12503",730,Lechmere,42.370774,-71.076593,"Heath St. (E),Riverside (D)","GREEN-E,GREEN-D",subway,place-lech,
"15585,15586",732,Science Park,42.366664,-71.067666,"Heath St. (E),Riverside (D)","GREEN-E,GREEN-D",subway,place-spmnl,
"15617,15618",666,Fenway,42.345347,-71.104156,Riverside (D),GREEN-D,subway,place-fenwy,
"15680,15616",870,Longwood Station,42.341042,-71.110215,Riverside (D),GREEN-D,subway,place-longw,
"15614,15615",868,Brookline Village,42.332002,-71.118129,Riverside (D),GREEN-D,subway,place-bvmnl,
"15679,15613",866,Brookline Hills,42.331133,-71.127031,Riverside (D),GREEN-D,subway,place-brkhl,
"15611,15612",864,Beaconsfield,42.335805,-71.140849,Riverside (D),GREEN-D,subway,place-bcnfd,
"15609,15610",862,Reservoir,42.334912,-71.149072,Riverside (D),GREEN-D,subway,place-rsmnl,
"15607,15608",860,Chestnut Hill Station D,42.326601,-71.16529,Riverside (D),GREEN-D,subway,place-chill,
"15605,15606",858,Newton Centre,42.328354,-71.194444,Riverside (D),GREEN-D,subway,place-newto,
"15604,15678",856,Newton Highlands,42.321539,-71.205966,Riverside (D),GREEN-D,subway,place-newtn,
"15602,15603",796,Eliot,42.318744,-71.217023,Riverside (D),GREEN-D,subway,place-eliot,
"15601,15677",854,Waban,42.325981,-71.230712,Riverside (D),GREEN-D,subway,place-waban,
"15676,15600",852,Woodland,42.333336,-71.24434,Riverside (D),GREEN-D,subway,place-woodl,
"15598,15599,14146",850,Riverside,42.337394,-71.252327,Riverside (D),GREEN-D,subway,place-river,
"15639,15638",878,Prudential,42.345503,-71.081401,Heath St. (E),GREEN-E,subway,place-prmnl,
"15640,15686",876,Symphony,42.342919,-71.084529,Heath St. (E),GREEN-E,subway,place-symcl,
"15642,15641",892,Northeastern,42.340307,-71.088717,Heath St. (E),GREEN-E,subway,place-nuniv,
"15643,15687",890,Museum of Fine Arts,42.337732,-71.095125,Heath St. (E),GREEN-E,subway,place-mfa,
"15645,15644",888,Longwood Medical Area,42.335898,-71.100052,Heath St. (E),GREEN-E,subway,place-lngmd,
"15646,15688",886,Brigham Circle,42.334268,-71.10437,Heath St. (E),GREEN-E,subway,place-brmnl,
"15689,15649",882,Mission Park,42.333106,-71.109678,Heath St. (E),GREEN-E,subway,place-mispk,
"15690,15650",874,Riverway,42.331686,-71.112004,Heath St. (E),GREEN-E,subway,place-rvrwy,
"15652,15651",880,Back of the Hill,42.32996,-71.111406,Heath St. (E),GREEN-E,subway,place-bckhl,
15653,872,Heath St,42.32868,-71.11068,Heath St. (E),GREEN-E,subway,place-hsmnl,
"13642,13641",690,Oak Grove,42.436381,-71.071007,Orange Line,ORANGE,subway,place-ogmnl,
"12975,12976,26717,6178,15707,12956",692,Malden Center,42.426678,-71.074144,Orange Line,ORANGE,subway,place-mlmnl,
"15231,15232,15230",764,Wellington,42.405202,-71.076969,Orange Line,ORANGE,subway,place-welln,
"14490,14491,14488,14489",766,Sullivan Square,42.383434,-71.077056,Orange Line,ORANGE,subway,place-sull,
"11258,11259",814,Community College,42.372593,-71.07052,Orange Line,ORANGE,subway,place-ccmnl,
"10180,11912,14471,14472,14470",684,State Street,42.359065,-71.057421,"Orange Line,Blue Line","ORANGE,BLUE",subway,place-state,
"11471,11473,11474,11472",770,Downtown Crossing,42.355453,-71.060465,"Braintree,Orange Line,Washington St.","RED,MATTAPAN,ORANGE,SL5",subway,place-dwnxg,
"11108,11109",776,Chinatown,42.352529,-71.062759,Orange Line,"ORANGE,SL5",subway,place-chncl,
"10124,10125,10126,26552",918,Back Bay,42.347314,-71.075724,Orange Line,"FRANKLIN,WORCSTER,PROVSTOU,NEEDHAM,ORANGE","subway,rail",place-bbsta,
"13073,13074,13061,9498",780,Massachusetts Ave.,42.341762,-71.083072,Orange Line,ORANGE,subway,place-masta,
"14166,14167,15515,14164,14165,24873",804,Ruggles,42.335742,-71.090437,Orange Line,"FRANKLIN,PROVSTOU,NEEDHAM,ORANGE","subway,rail",place-rugg,
"14153,14154,14630,4861",646,Roxbury Crossing,42.331388,-71.095555,Orange Line,ORANGE,subway,place-rcmnl,
"12395,12396,12397",800,Jackson Square,42.322893,-71.099787,Orange Line,ORANGE,subway,place-jaksn,
"14477,14478",806,Stony Brook,42.317251,-71.104021,Orange Line,ORANGE,subway,place-sbmnl,
"11952,11956",700,Green Street,42.310359,-71.107125,Orange Line,ORANGE,subway,place-grnst,
"11788,5334,11789,11790",702,Forest Hills,42.300023,-71.113377,Orange Line,"NEEDHAM,ORANGE","subway,rail",place-forhl,
"14289,14290",724,Savin Hill,42.311099,-71.053175,Ashmont,RED,subway,place-shmnl,
"11781,11782,11780",726,Fields Corner,42.299992,-71.061516,Ashmont,RED,subway,place-fldcr,
"14352,14353",680,Shawmut,42.293712,-71.065912,Ashmont,RED,subway,place-smmnl,
10029,76,Alewife,42.395261,-71.142449,Braintree,RED,subway,place-alfcl,
"11404,5664,11403",698,Davis,42.39662,-71.122527,Braintree,RED,subway,place-davis,
"13912,13913,9155,14390",38,Porter Square,42.388353,-71.119159,Braintree,"FITCHBRG,RED","subway,rail",place-portr,
"12084,12085,24995,287,4258",808,Harvard,42.373936,-71.118917,Braintree,RED,subway,place-harsq,
"10919,10920",710,Central Square,42.365326,-71.103474,Braintree,RED,subway,place-cntsq,
"12412,12413,12776",810,Kendall/MIT,42.362427,-71.086058,Braintree,RED,subway,place-knncl,
"11048,11049",712,Charles/MGH,42.361279,-71.070493,Braintree,RED,subway,place-chmnl,
"10641,10642,10640,25995",694,Broadway,42.342793,-71.057117,Braintree,RED,subway,place-brdwy,
"10062,10063",696,Andrew,42.329752,-71.056979,Braintree,RED,subway,place-andrw,
"12410,12409,12408,12407,26637",774,JFK/UMass,42.321065,-71.052545,"Middleborough/Lakeville Line,Plymouth/Kingston Line,Red Line","MIDLBORO,KINGSTON,GREENBSH,RED,MATTAPAN","subway,rail",place-jfk,
"13524,13525,3702",716,North Quincy,42.274957,-71.029307,Braintree,RED,subway,place-nqncy,
"15412,15413",812,Wollaston,42.265972,-71.019721,Braintree,RED,subway,place-wlsta,
"13981,13980,15476,15477,15478,15479",718,Quincy Center,42.250862,-71.004843,Braintree,"MIDLBORO,KINGSTON,GREENBSH,RED","subway,rail",place-qnctr,
"13946,13945,13947",720,Quincy Adams,42.232848,-71.007034,Braintree,RED,subway,place-qamnl,
"10431,10430",722,Braintree,42.20855,-71.00085,"Middleborough/Lakeville Line,Plymouth/Kingston Line,Red Line","MIDLBORO,KINGSTON,RED","subway,rail",place-brntn,
"15668,15694",734,Mattapan,42.267586,-71.092021,Mattapan,MATTAPAN,subway,place-matt,
"15667,15666",894,Capen St,42.267622,-71.087436,Mattapan,MATTAPAN,subway,place-capst,
"15665,15693",896,Valley Rd,42.267772,-71.083025,Mattapan,MATTAPAN,subway,place-valrd,
"15664,15662",898,Central Ave,42.269965,-71.073249,Mattapan,MATTAPAN,subway,place-cenav,
"15692,15661",900,Milton,42.270093,-71.067612,Mattapan,MATTAPAN,subway,place-miltt,
"15660,15663",902,Butler,42.272253,-71.062453,Mattapan,MATTAPAN,subway,place-butlr,
"15659,15691",904,Cedar Grove,42.279712,-71.060327,Mattapan,MATTAPAN,subway,place-cedgr,
"15481,10100,10099,15658,15657,70261,70262",728,Ashmont,42.284219,-71.063229,"Mattapan,Ashmont","MATTAPAN,RED",subway,place-asmnl,
25329,6754,Terminal A,42.364386,-71.021487,Airport Terminals,SL1,subway,Logan-A,
"25168,25330",6752,Terminal B Stop 1,42.363726,-71.019404,Airport Terminals,SL1,subway,Logan-B,
25331,6750,Terminal B Stop 2,42.364441,-71.01882,Airport Terminals,SL1,subway,Logan-B,
25332,6748,Terminal C,42.367461,-71.018148,Airport Terminals,SL1,subway,Logan-C,
25333,6746,Terminal E,42.369457,-71.020134,Airport Terminals,SL1,subway,Logan-E,
"25100,25118",660,Silver Line Way Station,42.347928,-71.039287,"Airport Terminals,Boston Marine Industrial Park,City Point,Waterfront","SL1,SL2,SL3",subway,74614,
"25092,25116,25334",658,World Trade Center,42.349098,-71.04206,"Airport Terminals,Boston Marine Industrial Park,City Point,Waterfront","SL1,SL2,SL3",subway,place-wtcst,
"25133,25132",656,Courthouse,42.352724,-71.047514,"Airport Terminals,Boston Marine Industrial Park,City Point,Waterfront","SL1,SL2,SL3",subway,place-crtst,
11475,18345,21 Dry Dock Ave.,42.344626,-71.031036,"Boston Marine Industrial Park,City Point",SL2,subway,30250,
8190,18347,25 Dry Dock Ave.,42.344681,-71.028456,"Boston Marine Industrial Park,City Point",SL2,subway,31259,
25134,18349,88 Black Falcon Avenue,42.344105,-71.02724,Boston Marine Industrial Park,SL2,subway,31258,
10312,27097,Black Falcon Ave. & Design Center Place,42.343927,-71.034119,"Boston Marine Industrial Park,City Point",SL2,subway,,
25117,18339,306 Northern Ave.,42.34769,-71.035882,"Boston Marine Industrial Park,City Point",SL2,subway,31256,
6962,18341,Northern Avenue & Harbor Street,42.346621,-71.035215,City Point,SL2,subway,247,
"13614,25138",18343,Northern Ave. & Tide St.,42.345051,-71.031956,"City Point,Boston Marine Industrial Park",SL2,subway,31257,
25093,18351,Dry Dock Ave. & Design Center Place,42.344579,-71.034448,"City Point,Boston Marine Industrial Park",SL2,subway,31255,
"16054,90010",18397,Downtown Crossing at Temple Place,42.355453,-71.060465,"Braintree,Orange Line,Washington St.","RED,MATTAPAN,ORANGE,SL5",subway,place-dwnxg,
"24419,6537",6742,Chinatown,42.352529,-71.062759,Washington St.,"ORANGE,SL5",subway,place-chncl,
"13443,13444,8856,16055,6565,9000009",778,Tufts Medical Center,42.350019,-71.06357,"Orange Line,Washington St.","ORANGE,SL4,SL5",subway,place-tumnl,
"14942,16056,12104,12105",654,Herald St,42.346443,-71.064651,Washington St.,SL5,subway,148,
"613,1695,24993",652,East Berkeley St,42.343845,-71.066041,Washington St.,SL5,subway,36541,
"15009,9023",916,Union Park St,42.34136,-71.06955,Washington St.,SL5,subway,5093,
"15011,943,15142",914,Newton St,42.338754,-71.073783,Washington St.,SL5,subway,9421,
"9108,15004",650,Worcester Sq,42.337386,-71.075846,Washington St.,SL5,subway,1787,
"4057,6400,9758,9759",648,Mass Ave,42.336378,-71.077232,Washington St.,"SL4,SL5",subway,5,
"9154,9163",912,Lenox St,42.334958,-71.078958,Washington St.,SL5,subway,4,
"24642,14923,15094,5389,13165",910,Melnea Cass Blvd,42.332709,-71.081205,Washington St.,SL5,subway,61,
"11496,15516",908,Dudley Square,42.329379,-71.084266,Washington St.,SL5,subway,64,
"8814,25541",10198,Rowes Wharf Ferry Terminal,42.356427,-71.049699,"F1 (Hewitt's Cove, Hingham to Rowes Wharf,
      Boston)",F1,boats,Boat-Rowes,
"8809,25540",924,Hewitt's Cove Ferry Terminal,42.253426,-70.919849,"F1 (Hewitt's Cove, Hingham to Rowes Wharf,
      Boston)",F1,boats,Boat-Hingham,
"00002,8813,25547",10216,Fore River Shipyard Ferry Terminal,42.243721,-70.97155,"F2 (Fore River Shipyard, Quincy to Long Wharf, Boston
      via Logan Airport)",F2,boats,,
"25782,25783",928,Long Wharf (North) Ferry Terminal,42.360562,-71.050161,"F2 (Fore River Shipyard Quincy to Long Wharf Boston via Logan Airport), F2H (Pemberton Point Hull to Long Wharf Boston)","F2,F2H-BOS",boats,Boat-Long,
"8810,25549",922,Pemberton Point Ferry Terminal,42.303087,-70.919752,"F2H (Pemberton Point Hull to Long Wharf Boston),F2H (Pemberton Point Hull to Logan Airport)","F2H-BOS,F2LOGAN",boats,Boat-Hull,
"8811,25548",934,Logan Airport Ferry Terminal,42.359749,-71.027577,"F2 (Fore River Shipyard Quincy to Long Wharf Boston via Logan Airport),F2H (Pemberton Point Hull to Logan Airport)","F2,F2HLOGAN",boats,Boat-Logan,
"8808,25546,24470",10214,Charlestown Navy Yard Ferry Terminal,42.37267,-71.052414,"F4 (Long Wharf, Boston to Charlestown Navy Wharf,
      Charlestown)",F4,boats,Boat-Charlestown,
"8812,25545",15095,Long Wharf (Central) Ferry Terminal,42.359487,-71.05044,"F4 (Long Wharf, Boston to Charlestown Navy Wharf,
      Charlestown)",F4,boats,Boat-Long,
"25674,26639",12551,Weymouth Landing/East Braintree Station,42.2208,-70.9682,Greenbush Line,GREENBSH,rail,place-GRB-0118,
"25673,26640",12553,East Weymouth Station,42.2191,-70.9214,Greenbush Line,GREENBSH,rail,place-GRB-0146,
"25672,26641",12555,West Hingham Station,42.2367,-70.9031,Greenbush Line,GREENBSH,rail,place-GRB-0162,
"25671,26642",12557,Nantasket Junction Station,42.2452,-70.8698,Greenbush Line,GREENBSH,rail,place-GRB-0183,
"25670,26643",12559,Cohasset Station,42.2424,-70.837,Greenbush Line,GREENBSH,rail,place-GRB-0199,
"25669,26646",12561,North Scituate Station,42.2197,-70.7877,Greenbush Line,GREENBSH,rail,place-GRB-0233,
"25668,26647",12563,Greenbush Station,42.1781,-70.7462,Greenbush Line,GREENBSH,rail,place-GRB-0276,
"26678,26761",24462,Wickford Junction,41.5808,-71.4914,Providence/Stoughton Line,PROVSTOU,rail,place-NEC-1659,
1952,25580,Watertown Yard,42.364301,-71.185709,"Route 52,Route 57,Route 502,Route 504","52,57,502,504",bus,900,
"15648,15647",884,Fenwood Road,42.333676,-71.105708,Green Line,GREEN-E,subway,1363,
"11190,11191",884,Fordham Road Station,42.350449,-71.128229,Green Line,GREEN-B,subway,,
"25372,25374",820,Greycliff Road Station,42.339995,-71.161285,Green Line,GREEN-B,subway,,
"25373,11198",830,Mount Hood Road Station,42.342275,-71.144137,Green Line,GREEN-B,subway,,
"26776,26781",27034,Four Corners/Geneva Ave,42.306177,-71.075949,Fairmount Line,FAIRMNT,rail,place-DB-2249,
"26777,26780",27033,Newmarket,42.327324,-71.065288,Fairmount Line,FAIRMNT,rail,place-DB-2265,
"191,26567",644,South Station,42.352614,-71.055364,"Providence/Stoughton Line,Framingham/Worcester Line,Franklin Line,Middleborough/Lakeville Line,Needham Line,Plymouth/Kingston Line,Red Line,Silver Line","FAIRMNT,NEEDHAM,GREENBSH,MIDLBORO,KINGSTON,FRANKLIN,PROVSTOU,WORCSTER,RED,MATTAPAN,SL1,SL2,SL4","rail,subway",place-sstat,
"25101,25091,14435,14436",920,South Station,42.352614,-71.055364,"Providence/Stoughton Line,Framingham/Worcester Line,Franklin Line,Middleborough/Lakeville Line,Needham Line,Plymouth/Kingston Line,Red Line,Silver Line","FAIRMNT,NEEDHAM,GREENBSH,MIDLBORO,KINGSTON,FRANKLIN,PROVSTOU,WORCSTER,RED,MATTAPAN,SL1,SL2,SL3,SL4","subway,rail",place-sstat,
"25757,26793",6442452720,Assembly,42.392356,-71.077333,Orange Line,ORANGE,subway,place-wondl,
